{"assets/Frugal.png":["assets/Frugal.png"],"assets/Hygiene_3.png":["assets/Hygiene_3.png"],"assets/Lesson1_1.png":["assets/Lesson1_1.png"],"assets/Lesson1_10.png":["assets/Lesson1_10.png"],"assets/Lesson1_2.png":["assets/Lesson1_2.png"],"assets/Lesson1_3.png":["assets/Lesson1_3.png"],"assets/Lesson1_4.png":["assets/Lesson1_4.png"],"assets/Lesson1_5.png":["assets/Lesson1_5.png"],"assets/Lesson1_6.png":["assets/Lesson1_6.png"],"assets/Lesson1_7.png":["assets/Lesson1_7.png"],"assets/Lesson1_8.png":["assets/Lesson1_8.png"],"assets/Lesson1_9.png":["assets/Lesson1_9.png"],"assets/Lesson2-1.PNG":["assets/Lesson2-1.PNG"],"assets/Lesson2_10.PNG":["assets/Lesson2_10.PNG"],"assets/Lesson2_11.PNG":["assets/Lesson2_11.PNG"],"assets/Lesson2_12.PNG":["assets/Lesson2_12.PNG"],"assets/Lesson2_2.PNG":["assets/Lesson2_2.PNG"],"assets/Lesson2_3.PNG":["assets/Lesson2_3.PNG"],"assets/Lesson2_4.PNG":["assets/Lesson2_4.PNG"],"assets/Lesson2_5.PNG":["assets/Lesson2_5.PNG"],"assets/Lesson2_6.PNG":["assets/Lesson2_6.PNG"],"assets/Lesson2_7.PNG":["assets/Lesson2_7.PNG"],"assets/Lesson2_8.PNG":["assets/Lesson2_8.PNG"],"assets/Lesson2_9.PNG":["assets/Lesson2_9.PNG"],"assets/Lesson3_1.png":["assets/Lesson3_1.png"],"assets/Lesson3_10.png":["assets/Lesson3_10.png"],"assets/Lesson3_11.png":["assets/Lesson3_11.png"],"assets/Lesson3_12.png":["assets/Lesson3_12.png"],"assets/Lesson3_13.png":["assets/Lesson3_13.png"],"assets/Lesson3_14.png":["assets/Lesson3_14.png"],"assets/Lesson3_2.png":["assets/Lesson3_2.png"],"assets/Lesson3_3.png":["assets/Lesson3_3.png"],"assets/Lesson3_4.png":["assets/Lesson3_4.png"],"assets/Lesson3_5.png":["assets/Lesson3_5.png"],"assets/Lesson3_6.png":["assets/Lesson3_6.png"],"assets/Lesson3_7.png":["assets/Lesson3_7.png"],"assets/Lesson3_8.png":["assets/Lesson3_8.png"],"assets/Lesson3_9.png":["assets/Lesson3_9.png"],"assets/Lesson4_1.png":["assets/Lesson4_1.png"],"assets/Lesson4_2.png":["assets/Lesson4_2.png"],"assets/Lesson4_3.png":["assets/Lesson4_3.png"],"assets/Lesson4_4.png":["assets/Lesson4_4.png"],"assets/Lesson4_5.png":["assets/Lesson4_5.png"],"assets/Lesson5_1.png":["assets/Lesson5_1.png"],"assets/Lesson5_2.png":["assets/Lesson5_2.png"],"assets/Lesson5_3.png":["assets/Lesson5_3.png"],"assets/Lesson5_4.png":["assets/Lesson5_4.png"],"assets/Lesson5_5.png":["assets/Lesson5_5.png"],"assets/Lesson5_6.png":["assets/Lesson5_6.png"],"assets/M1S1.png":["assets/M1S1.png"],"assets/M1S2.png":["assets/M1S2.png"],"assets/M1S3.png":["assets/M1S3.png"],"assets/M1S4.png":["assets/M1S4.png"],"assets/M1S5.png":["assets/M1S5.png"],"assets/M2S1.png":["assets/M2S1.png"],"assets/M2S2.png":["assets/M2S2.png"],"assets/M2S3.png":["assets/M2S3.png"],"assets/M2S4.png":["assets/M2S4.png"],"assets/M2S5.PNG":["assets/M2S5.PNG"],"assets/M2S6.PNG":["assets/M2S6.PNG"],"assets/M3S1.png":["assets/M3S1.png"],"assets/M3S2.png":["assets/M3S2.png"],"assets/M3S3.png":["assets/M3S3.png"],"assets/M3S4.png":["assets/M3S4.png"],"assets/M3S5.png":["assets/M3S5.png"],"assets/Senga Module 1-10.png":["assets/Senga Module 1-10.png"],"assets/Senga Module 1-11.png":["assets/Senga Module 1-11.png"],"assets/Senga Module 1-12.png":["assets/Senga Module 1-12.png"],"assets/Senga Module 1-13.png":["assets/Senga Module 1-13.png"],"assets/Senga Module 1-8.png":["assets/Senga Module 1-8.png"],"assets/Senga Module 1-9.png":["assets/Senga Module 1-9.png"],"assets/Senga Module 1_2.png":["assets/Senga Module 1_2.png"],"assets/Senga Module 1_3.png":["assets/Senga Module 1_3.png"],"assets/Senga Module 1_4.png":["assets/Senga Module 1_4.png"],"assets/Senga Module 1_5.png":["assets/Senga Module 1_5.png"],"assets/Senga Module 1_6.png":["assets/Senga Module 1_6.png"],"assets/Senga Module 1_7.png":["assets/Senga Module 1_7.png"],"assets/Senga Module 2-1.png":["assets/Senga Module 2-1.png"],"assets/Senga Module 2-10.png":["assets/Senga Module 2-10.png"],"assets/Senga Module 2-2.png":["assets/Senga Module 2-2.png"],"assets/Senga Module 2-3.png":["assets/Senga Module 2-3.png"],"assets/Senga Module 2-4.png":["assets/Senga Module 2-4.png"],"assets/Senga Module 2-5.png":["assets/Senga Module 2-5.png"],"assets/Senga Module 2-6.png":["assets/Senga Module 2-6.png"],"assets/Senga Module 2-7.png":["assets/Senga Module 2-7.png"],"assets/Senga Module 2-8.png":["assets/Senga Module 2-8.png"],"assets/Senga Module 2-9.png":["assets/Senga Module 2-9.png"],"assets/SengaModule1_1.jpg":["assets/SengaModule1_1.jpg"],"assets/Slide 1 - Cover Page.png":["assets/Slide 1 - Cover Page.png"],"assets/Slide 10 - Adults.png":["assets/Slide 10 - Adults.png"],"assets/Slide 11 - Adults.png":["assets/Slide 11 - Adults.png"],"assets/Slide 12 - Adults.png":["assets/Slide 12 - Adults.png"],"assets/Slide 13 - Adults.png":["assets/Slide 13 - Adults.png"],"assets/Slide 14 - Pregnancy.png":["assets/Slide 14 - Pregnancy.png"],"assets/Slide 15 - Pregnancy.png":["assets/Slide 15 - Pregnancy.png"],"assets/Slide 16 - Pregnancy.png":["assets/Slide 16 - Pregnancy.png"],"assets/Slide 17 - Pregnancy.png":["assets/Slide 17 - Pregnancy.png"],"assets/Slide 18 - Pregnancy.png":["assets/Slide 18 - Pregnancy.png"],"assets/Slide 19 - Pregnancy.png":["assets/Slide 19 - Pregnancy.png"],"assets/Slide 2 - Table of Contents.png":["assets/Slide 2 - Table of Contents.png"],"assets/Slide 20 - Pregnancy.png":["assets/Slide 20 - Pregnancy.png"],"assets/Slide 21 - Pregnancy.png":["assets/Slide 21 - Pregnancy.png"],"assets/Slide 22 - Infants.png":["assets/Slide 22 - Infants.png"],"assets/Slide 23 - Infants.png":["assets/Slide 23 - Infants.png"],"assets/Slide 24 - Infants.png":["assets/Slide 24 - Infants.png"],"assets/Slide 25 - Infants.png":["assets/Slide 25 - Infants.png"],"assets/Slide 26 - Infants.png":["assets/Slide 26 - Infants.png"],"assets/Slide 27 - Infants.png":["assets/Slide 27 - Infants.png"],"assets/Slide 28 - Infants.png":["assets/Slide 28 - Infants.png"],"assets/Slide 29 - Children.png":["assets/Slide 29 - Children.png"],"assets/Slide 3 - Teens.png":["assets/Slide 3 - Teens.png"],"assets/Slide 30 - Children.png":["assets/Slide 30 - Children.png"],"assets/Slide 31 - Children.png":["assets/Slide 31 - Children.png"],"assets/Slide 32 - Children.png":["assets/Slide 32 - Children.png"],"assets/Slide 33 - Children.png":["assets/Slide 33 - Children.png"],"assets/Slide 34 - Food Guides.png":["assets/Slide 34 - Food Guides.png"],"assets/Slide 35 - Food Guides_b.png":["assets/Slide 35 - Food Guides_b.png"],"assets/Slide 36 - Food Guides_b.png":["assets/Slide 36 - Food Guides_b.png"],"assets/Slide 37 - Food Guides_b.png":["assets/Slide 37 - Food Guides_b.png"],"assets/Slide 38 - Food Guides_b.png":["assets/Slide 38 - Food Guides_b.png"],"assets/Slide 4 - Teens.png":["assets/Slide 4 - Teens.png"],"assets/Slide 5 - Teens.png":["assets/Slide 5 - Teens.png"],"assets/Slide 6 - Adults.png":["assets/Slide 6 - Adults.png"],"assets/Slide 7 - Adults.png":["assets/Slide 7 - Adults.png"],"assets/Slide 8 - Adults.png":["assets/Slide 8 - Adults.png"],"assets/Slide 9 - Adults.png":["assets/Slide 9 - Adults.png"],"assets/WomenHealth.jpeg":["assets/WomenHealth.jpeg"],"assets/care_1.png":["assets/care_1.png"],"assets/care_2.png":["assets/care_2.png"],"assets/care_3.png":["assets/care_3.png"],"assets/care_4.png":["assets/care_4.png"],"assets/care_5.png":["assets/care_5.png"],"assets/hygiene_1.png":["assets/hygiene_1.png"],"assets/hygiene_2.png":["assets/hygiene_2.png"],"assets/hygiene_4.png":["assets/hygiene_4.png"],"assets/hygiene_5.png":["assets/hygiene_5.png"],"assets/hygiene_6.png":["assets/hygiene_6.png"],"assets/lactation-1.png":["assets/lactation-1.png"],"assets/lactation-2.png":["assets/lactation-2.png"],"assets/lactation-3.png":["assets/lactation-3.png"],"assets/lactation-4.png":["assets/lactation-4.png"],"assets/lactation-5.png":["assets/lactation-5.png"],"assets/lactation-6.png":["assets/lactation-6.png"],"assets/lactation-7.png":["assets/lactation-7.png"],"assets/ross.jpg":["assets/ross.jpg"],"assets/scu.jpg":["assets/scu.jpg"],"assets/sick_1.png":["assets/sick_1.png"],"assets/sick_2.png":["assets/sick_2.png"],"assets/sick_3.png":["assets/sick_3.png"],"assets/sick_4.png":["assets/sick_4.png"],"assets/sick_5.png":["assets/sick_5.png"],"assets/sick_6.png":["assets/sick_6.png"],"assets/sick_7.png":["assets/sick_7.png"],"packages/cupertino_icons/assets/CupertinoIcons.ttf":["packages/cupertino_icons/assets/CupertinoIcons.ttf"]}